{"cameraMode":{"drawMode":0,"name":"Shaded","section":"Shading Mode"},"sceneLighting":true,"audioPlay":false,"sceneViewState":{"m_AlwaysRefresh":false,"showFog":true,"showSkybox":true,"showFlares":true,"showImageEffects":true,"showParticleSystems":true,"showVisualEffectGraphs":true,"m_FxEnabled":true},"in2DMode":false,"pivot":{"x":11.97917652130127,"y":1.6406739950180054,"z":5.449604034423828},"rotation":{"x":0.12321773916482926,"y":-0.4875144362449646,"z":0.07069315016269684,"w":0.8617967963218689},"size":1.0026583671569825,"orthographic":false}