{"cameraMode":{"drawMode":0,"name":"Shaded","section":"Shading Mode"},"sceneLighting":true,"audioPlay":false,"sceneViewState":{"m_AlwaysRefresh":false,"showFog":true,"showSkybox":true,"showFlares":true,"showImageEffects":true,"showParticleSystems":true,"showVisualEffectGraphs":true,"m_FxEnabled":true},"in2DMode":false,"pivot":{"x":15.715487480163575,"y":1.1644866466522217,"z":4.5380659103393559},"rotation":{"x":0.08390238136053086,"y":-0.013510587625205517,"z":0.001967002172023058,"w":0.9966536164283752},"size":2.1061477661132814,"orthographic":false}