{"cameraMode":{"drawMode":0,"name":"Shaded","section":"Shading Mode"},"sceneLighting":true,"audioPlay":false,"sceneViewState":{"m_AlwaysRefresh":false,"showFog":true,"showSkybox":true,"showFlares":true,"showImageEffects":true,"showParticleSystems":true,"showVisualEffectGraphs":true,"m_FxEnabled":true},"in2DMode":false,"pivot":{"x":15.883493423461914,"y":0.9495819807052612,"z":4.290914058685303},"rotation":{"x":-0.18110834062099458,"y":-0.7468735575675964,"z":0.22446462512016297,"w":-0.5995817184448242},"size":1.0686854124069214,"orthographic":false}